ID,ClientID,Status,Title,Field,Service,Category,CreatedAt,UpdatedAt,AcknowledgedAt,ProcessingAt,ClosedAt,ReopenedAt,LastSimplyReplyAt,LastClientReplyAt,ClientName,Time to Close,TAM ,Closer
11531,4172,closed,[**Freeview**] EPG schedule gap,,schedules,missing_data,45903.00704,45903.65321,45903.02801,45903.10142,45903.65321,,45903.65322,45903.00704,Freeview / Freely UK,15.50805556,Aneet,Annet 
11532,1638,closed,Missing detailed information for program id 14880059 on 211 2025-09-02,data_points_id,editorial,missing_data,45903.22057,45905.6869,45903.22057,45903.44718,45905.6869,,45905.68719,45903.60337,Telia / TV 4 Media AB,59.19194444,Theo,Theo
11537,3829,closed,weapons - Baltics,technical_data_parental_ratings,editorial,incorrect_data,45903.28135,45903.28307,45903.28135,,45903.28294,,45903.28332,45903.28135,SF Anytime,0.038055556,Theo,Zarmeen
11538,87,closed,DNA TV / EPG shows episode's name instead of show's name,data_points_title,ingest,incorrect_data,45903.30549,45903.7174,45903.30549,45903.44925,45903.7174,,45903.71743,45903.30549,DNA Oy,9.885833333,Theo,Theo
11539,11,closed,EPG: SVT1 HD /  / There is no title on this program,,delivery,missing_data,45903.30564,45904.31837,45903.30564,45903.66899,45904.31837,,45904.31839,45903.3065,Stofa / Norlys,24.30555556,Theo,Theo
11540,11,closed,EPG: SVT1 HD /  / There is no title on this program,data_points_title,editorial,missing_data,45903.30565,45909.66898,45903.30565,45905.30716,45909.66898,45905.2813,45905.45921,45905.46541,Stofa / Norlys,152.72,Theo,Theo
11541,1307,closed,Episode/Title switch on Discvoery (Kanal5/9/11),data_points_title_episode,editorial,incorrect_data,45903.3072,45903.67889,45903.3072,45903.46316,45903.67889,,45903.67892,45903.3072,TV.NU,8.920555556,Theo,Theo
11542,3787,closed,Airing Break when there is a program being aired,,schedules,incorrect_data,45903.32002,45903.70572,45903.32002,45903.46894,45903.70572,,45903.70574,45903.32002,Sunrise - Wilmaa (ITV Betriebsgesellschaft GmbH),9.256666667,Helena,Alvaro I
11543,992,closed,Remove channels from EPG feed,,delivery,change_request,45903.33515,45903.34655,45903.33515,,45903.34609,,45903.34657,45903.33515,Altibox,0.2625,Theo,Theo
11544,1143,closed,"Alone Suomi on MTV3 Finland 09.09.2025, 18:00",data_points_title,editorial,incorrect_data,45903.33853,45903.57265,45903.33853,45903.47149,45903.57265,,45903.57373,45903.33853,Elisa Finland,5.618888889,Theo,Arslan
11546,1143,closed,"Koripallon EM-kisat LIVE: Suomi - Saksa on Nelonen Finland 03.09.2025, 17:30",data_points_image,sport,change_request,45903.34133,45903.7231,45903.34133,45903.47347,45903.7231,,45903.72311,45903.34133,Elisa Finland,9.1625,Theo,Alvaro I
11547,2260,closed,GVID-1739 - New format files on LN24 Belgium - 94675,,ingest,change_request,45903.35079,45904.55471,45903.35079,45903.53528,45904.55471,,45904.55472,45903.35079,Xperi / Tivo Live and Billing Account (XML current),28.89416667,Gabi,Mael
11548,1795,processing,Please add thrre additional channels to our feed towards ZATTOO,delivery_service_addition,delivery,change_request,45903.35425,45903.53832,45903.35425,45903.53819,,,45905.38138,45905.54534,1&1 Live and Billing Account,-1101680.502,Christian Winter ,
11549,1795,processing,"EPG data of channel ""Just Fishing "" is not matching the content shown",,schedules,incorrect_data,45903.36119,45904.41816,45903.36119,45904.41804,,,45908.41119,45903.36119,1&1 Live and Billing Account,-1101680.669,Christian Winter ,
11550,1143,closed,"Sukupolvien salaisuus on YLE TV1 Finland 02.09.2025, 19:35",technical_data_catchup,delivery,incorrect_data,45903.3636,45903.70016,45903.3636,45903.47512,45903.70016,,45903.70009,45903.3636,Elisa Finland,8.0775,Theo,Theo
11551,2264,closed,"Joanna Lumley's Hidden Caribbean: Havana til Haiti on BBC Nordic Denmark 02.09.2025, 19:30",,,,45903.36569,45903.42794,45903.36569,,45903.42794,,45903.42927,45903.36569,TDC Full-Account,1.493888889,Theo,Arslan
11552,4157,closed,Title issue Metadata in title,data_points_title,schedules,incorrect_data,45903.36815,45904.38912,45903.36815,45903.38488,45904.38912,,45904.38909,45903.36815,BT (Youview delivery),24.50333333,Aneet,Tristan
11553,3371,closed,Remove channels from the A1 export.,delivery_service_removal,delivery,change_request,45903.37875,45903.73266,45903.37875,45903.47862,45903.73266,,45903.73267,45903.37875,A1 Austria live account,8.493888889,Not Found,Alvaro I
11554,2264,closed,"Love Island Danmark on TV3 Denmark 02.09.2025, 20:00",data_points_title,editorial,incorrect_data,45903.37928,45904.46487,45903.37929,45903.69587,45904.46487,45904.45846,45904.45749,45904.45846,TDC Full-Account,26.05416667,Theo,Alvaro I
11555,87,closed,Several Baskatball eurocup 2025 games not grouped properly,,sport,question,45903.38146,45903.70253,45903.38146,45903.38892,45903.70253,,45903.7026,45903.38146,DNA Oy,7.705833333,Theo,Alvaro I
11556,1017,closed,Bosnien-Herzegowina - √ñsterreich (ORF 1),data_points_description,editorial,incorrect_data,45903.4042,45903.47507,45903.4042,45903.46068,45903.47507,,45903.47513,45903.4042,ORS/simpliTV,1.700833333,Gabi,Razvan
11557,4173,closed,RE: TRP - Simply - FYI: open issues,data_points_id,sport,incorrect_data,45903.43547,45904.57134,45903.43557,45903.45258,45904.57134,,45904.56079,45903.43547,TRP,27.26083333,Tristan,Annet 
11558,1017,processing,"No EPG data for ""Kronehit""",delivery_feed,schedules,missing_data,45903.45036,45903.45203,45903.45037,45903.45193,,,45908.51573,45903.45036,ORS/simpliTV,-1101682.809,Gabi,
11559,1017,closed,Die H√∂hle der L√∂wen,data_points_image,editorial,change_request,45903.46899,45903.5619,45903.46899,45903.47039,45903.5619,,45903.56193,45903.46899,ORS/simpliTV,2.229722222,Gabi,Juani
11560,4172,closed,RE: CSI Provider Name Change [Simply follow up 28/08],,,,45903.47231,45903.52028,45903.47231,45903.48265,45903.52028,,,45903.47231,Freeview / Freely UK,1.151111111,Aneet,Tristan
11561,2260,closed,GVID-1740 - Same consecutive programs on MTV Wallonia French - 29304,,schedules,incorrect_data,45903.47233,45903.70213,45903.47233,45903.68972,45903.70213,45903.67719,45903.70215,45903.67719,Xperi / Tivo Live and Billing Account (XML current),5.515277778,Gabi,Mael
11562,1143,closed,"J√§√§kiekon Auroraliiga: K√§rp√§t-HPK on TV 5 Finland 06.09.2025, 11:40",data_points_image,sport,incorrect_data,45903.51534,45903.57478,45903.51589,,45903.57471,,45903.57483,45903.51534,Elisa Finland,1.425,Theo,Razvan
11563,3667,processing,VFIE - Programme ID changes causing product errors,data_points_id,schedules,incorrect_data,45903.52786,45909.6486,45903.52786,45909.6486,,,45909.41505,45905.41697,Vodafone Ireland,-1101684.669,Aneet,
11564,2260,closed,GVID-1741 - Fillers on Ma Tele France - 28498,,schedules,question,45903.53829,45903.7251,45903.53829,45903.53916,45903.7251,,45903.72513,45903.53829,Xperi / Tivo Live and Billing Account (XML current),4.483611111,Gabi,Mael
11565,2465,closed,Kanal 5 EPG,data_points_title,editorial,incorrect_data,45903.54821,45903.64781,45903.54821,45903.54938,45903.64781,,45903.64784,45903.54821,Tele2 AB Sweden,2.390555556,Theo,Theo
11566,992,closed,EPG feed for new dansih channel TV 2 (Bornholm),delivery_service_addition,delivery,change_request,45903.56178,45905.59238,45903.56178,45905.51123,45905.59238,45905.47863,45905.59242,45905.47863,Altibox,48.73444444,Theo,Theo
11567,,closed,Late Schedule Change: Virgin Media One - Week 37 - W/C 6th Sept,,schedules,change_request,45903.56606,45903.74038,45903.56606,45903.58031,45903.74005,,45903.74039,45903.56606,,4.175555556,Not Found,Estefy
11568,3667,closed,"What Daire Did Next on RT√â2 Ireland 04.09.2025, 12:05",,,,45903.60604,45903.68649,45903.60604,45903.6072,45903.68649,,45903.60998,45903.60604,Vodafone Ireland,1.930833333,Aneet,Annet 
11569,3667,closed,"UEFA European Qualifiers 2025/26 on Virgin Media Two Ireland 04.09.2025, 18:35",editorial_mapping,editorial,missing_data,45903.60859,45903.69385,45903.60859,45903.61321,45903.69385,,45903.6251,45903.60859,Vodafone Ireland,2.046388889,Aneet,Annet 
11570,3667,closed,"Match of the Day Wales on BBC One Scotland UK 04.09.2025, 13:45",editorial_mapping,editorial,missing_data,45903.61274,45903.65774,45903.61274,45903.61449,45903.65774,,45903.65774,45903.61274,Vodafone Ireland,1.08,Aneet,Annet 
11571,3403,closed,"Previa on AmericaTV Peru 04.09.2025, 23:10",,sport,missing_data,45903.6253,45903.64682,45903.6253,45903.62721,45903.64682,,45903.64718,45903.6253,Zapping,0.516388889,Gui,Nelly
11572,3403,closed,CHILE - NUEVO CANAL,delivery_service_addition,sport,question,45903.63145,45905.79264,45903.63146,45903.64531,45905.79264,,45905.79257,45905.6217,Zapping,51.86861111,Gui,Gui
11573,3403,closed,"Argentina vs. Venezuela on Chilevision Chile 04.09.2025, 23:00",data_points_id,sport,change_request,45903.63291,45903.65454,45903.63291,45903.64576,45903.65454,,45903.65483,45903.63291,Zapping,0.519166667,Gui,Nelly
11574,3403,closed,"Argentina vs. Venezuela on Chilevision Chile 04.09.2025, 22:30",delivery_feed,sport,question,45903.64899,45903.65495,45903.64899,45903.65024,45903.65495,,45903.65531,45903.64899,Zapping,0.143055556,Gui,Nelly
11575,3403,closed,[URGENTE] BRASIL - NUEVO CANAL,delivery_service_addition,delivery,question,45903.66306,45905.38462,45903.66306,45904.59834,45905.38462,45904.59475,45904.62499,45904.59475,Zapping,41.3175,Gui,Gui
11576,3403,closed,"Previa Eliminatorias Sudamericanas on Latina Peru 05.09.2025, 00:30",data_points_id,sport,change_request,45903.66601,45903.81954,45903.66601,45903.67612,45903.81954,,45903.8206,45903.66601,Zapping,3.684722222,Gui,Nelly
11577,2260,closed,RE: GVID-1740 - Same consecutive programs on MTV Wallonia French - 29304,,schedules,incorrect_data,45903.66681,45903.69001,45903.66681,45903.68341,45903.69001,,45903.69002,45903.66681,Xperi / Tivo Live and Billing Account (XML current),0.556944444,Gabi,Nelly
11578,3403,closed,"Eliminat√≥rias Europeias Da Copa Do Mundo 2026 on Sportv 2 - Globo Brazil 04.09.2025, 18:30",data_points_id,sport,change_request,45903.67231,45903.80171,45903.67231,45903.68088,45903.80171,,45903.80166,45903.67231,Zapping,3.105555556,Gui,Nelly
11579,3403,closed,"Eliminat√≥rias Europeias Da Copa Do Mundo 2026 on Sportv 3 - Globo Brazil 04.09.2025, 15:50",data_points_id,sport,change_request,45903.67289,45903.79876,45903.67289,45903.68536,45903.79876,,45903.79899,45903.67289,Zapping,3.020833333,Gui,Nelly
11580,3403,closed,"Primera B Nacional Argentina on TyC Sports International 05.09.2025, 00:30",data_points_sport,sport,missing_data,45903.68155,45903.81198,45903.68155,45903.68633,45903.81192,,45903.812,45903.68155,Zapping,3.128888889,Gui,Razvan
11581,3403,closed,"Eliminatorias-Mundial on Zapping Sports Plus 2 04.09.2025, 22:00",data_points_id,sport,change_request,45903.68388,45903.82574,45903.68388,45903.68781,45903.82574,,45903.82627,45903.68388,Zapping,3.404722222,Gui,Nelly
11582,3403,closed,"Eliminatorias Al MundialArgentina Vs. Venezuela on Teleamazonas Quito 05.09.2025, 04:45",technical_data_qualifiers,sport,change_request,45903.72834,45903.73684,45903.72834,45903.73152,45903.73684,,45903.73685,45903.72834,Zapping,0.203888889,Gui,Alvaro I
11583,3403,closed,PER√ö - LATINA - Programaci√≥n actualizada,,schedules,change_request,45903.73027,45903.77745,45903.73027,45903.7483,45903.7767,,45903.77745,45903.73027,Zapping,1.114444444,Gui,Rohit
11584,2268,closed,Requesting to add local channels for Springfield MA 01089,delivery_service_addition,delivery,change_request,45903.76744,45908.24205,45903.76744,45903.76823,45908.24205,,45908.24206,45903.76744,World Cinema Inc,107.3905556,Sergiu,Sergiu
11585,3403,closed,"Trampa De Amor on Canal Mega Chile 04.09.2025, 05:35",delivery_feed,schedules,change_request,45903.80858,45904.70281,45903.80858,45903.81072,45904.70281,,45904.70278,45904.60777,Zapping,21.46166667,Gui,Gui
11586,2465,closed,Wrong EPG description language TV4 Beck,,editorial,incorrect_data,45904.27622,45904.32612,45904.27622,,45904.32606,,45904.32652,45904.27622,Tele2 AB Sweden,1.196388889,Theo,Theo
11587,3828,closed,"Formel 1: Race on V Sport 1 Norway 07.09.2025, 12:55",,sport,missing_data,45904.32627,45904.33862,45904.32627,,45904.33854,,45904.33877,45904.32627,RiksTV linear (Vimond),0.294444444,Not Found,Theo
11588,,closed,Feedback sheet for Liverpool FC TV HD on 15/09/2025,,,,45904.33347,45904.38346,45904.33347,45904.33979,45904.38346,,45904.38343,45904.33347,,1.199722222,Not Found,Annet 
11589,2264,closed,"Justice League on Kanal 5 Denmark 15.09.2025, 19:00",,,,45904.33638,45904.39691,45904.33638,,45904.39691,,45904.39791,45904.33638,TDC Full-Account,1.452777778,Theo,Arslan
11590,3165,closed,EPG information in wrong language.,,delivery,incorrect_data,45904.33851,45905.59365,45904.33851,45904.34925,45905.59365,,45905.59378,45904.53734,Sappa AB (Magine),30.12333333,Theo,Theo
11591,2264,closed,"Fools Rush In on TV3 Puls Denmark 13.09.2025, 21:50",,ingest,incorrect_data,45904.36608,45904.45801,45904.36608,45904.37779,45904.45801,,45904.45802,45904.36608,TDC Full-Account,2.206388889,Theo,Theo
11592,,closed,[**Freeview**] -- EPG Alert for (Gems TV),,,,45904.36816,45904.37677,45904.36816,,45904.37677,,,45904.36816,,0.206666667,Not Found,Annet 
11593,,closed,Re: [**Freeview**] -- EPG Alert for (Gems TV),,,,45904.37514,45904.37688,45904.37515,,45904.37688,,,45904.37514,,0.041666667,Not Found,Annet 
11594,,closed,Re: [**Freeview**] -- EPG Alert for (Gems TV),,,,45904.37855,45904.37976,45904.37855,,45904.37976,,,45904.37855,,0.028888889,Not Found,Annet 
11595,98,closed,Our middleware vendor (SmartLabs) has some questions regarding the country tags in the EPG feed we get from you,delivery_feed,delivery,question,45904.39938,45904.47475,45904.39938,45904.44513,45904.47475,,45904.45149,45904.47235,Televarpi√∞ / Faroe Telecom,1.808888889,Theo,Estefy
11596,1017,closed,New Channel: France24,,schedules,question,45904.41329,45904.56764,45904.41329,,45904.56758,,45904.56769,45904.41329,ORS/simpliTV,3.703055556,Gabi,Alvaro I
11597,2264,closed,"Mainz - RB Leipzig on See Denmark 13.09.2025, 13:25",editorial_mapping,sport,incorrect_data,45904.41432,45904.53225,45904.41432,45904.45646,45904.5322,,45904.53229,45904.41432,TDC Full-Account,2.829166667,Theo,Razvan
11598,2264,closed,"Bayern M√ºnchen - Hamburger SV on See Denmark 13.09.2025, 16:25",editorial_mapping,sport,missing_data,45904.41459,45904.53115,45904.41459,45904.45807,45904.53115,,45904.53117,45904.41459,TDC Full-Account,2.797222222,Theo,Theo
11599,3851,closed,"Primera B Argentina on TyC Sports Argentina 04.09.2025, 22:00",data_points_sport,schedules,change_request,45904.41646,45905.91663,45904.41646,45904.44299,45905.91663,,45905.91659,45904.41646,Wiltel Argentina,36.00416667,Gui,Gui
11600,3851,closed,"Argentina vs. Venezuela on Telefe Argentina 04.09.2025, 23:30",data_points_image,sport,incorrect_data,45904.44019,45904.59361,45904.44019,45904.46653,45904.59361,,45904.59356,45904.44019,Wiltel Argentina,3.682222222,Gui,Gui
11601,2260,closed,GVID-1742 - Fillers on Cartoon Network France - 25150,,schedules,incorrect_data,45904.448,45904.53759,45904.448,45904.45546,45904.53759,,45904.53755,45904.448,Xperi / Tivo Live and Billing Account (XML current),2.150277778,Gabi,Gabi
11602,2260,closed,GVID-1743 - Spanish and German episode titles on Tiji France - 26514,,,,45904.46541,45904.65244,45904.46541,,45904.65244,,45904.65245,45904.46541,Xperi / Tivo Live and Billing Account (XML current),4.488888889,Gabi,Mael
11603,2260,closed,GVID-1744 - Wrong program an episode title on hr-fernsehen Germany - 25520,data_points_title,editorial,incorrect_data,45904.46884,45904.58642,45904.46884,45904.47192,45904.58642,,45904.58644,45904.46884,Xperi / Tivo Live and Billing Account (XML current),2.821944444,Gabi,Mael
11604,2260,closed,GVID-1745 - Wrong program title on NDR Germany - 25871,data_points_title,editorial,incorrect_data,45904.47234,45904.60913,45904.47234,45904.47396,45904.60913,,45904.60922,45904.47234,Xperi / Tivo Live and Billing Account (XML current),3.283055556,Gabi,Mael
11605,2924,processing,RE: Question about imdb id in the USA data,,delivery,change_request,45904.50031,45905.57412,45904.50057,45904.50689,,,45908.70919,45908.34412,M√©diam√©trie / Glance,-1101708.008,Not Found,
11606,1017,closed,New channel: PRIVATE HD,delivery_service_addition,delivery,change_request,45904.50032,45905.571,45904.50142,45904.50828,45905.571,,45905.57102,45904.50032,ORS/simpliTV,25.69611111,Gabi,Christian Winter
11607,1726,closed,"Neste sommer - tegnspr√•ktolket on TVNorge 07.09.2025, 05:15",technical_data_catchup,delivery,missing_data,45904.54659,45904.66741,45904.54659,45904.58189,45904.66741,,45904.61818,45904.62161,Telenor Norway AS,2.899722222,Theo,Theo
11608,4226,closed,Late Schedule Change VMFOUR Week 36,,schedules,change_request,45904.55912,45904.57081,45904.55912,45904.56941,45904.57081,,45904.57083,45904.55912,Virgin Media Ireland,0.280555555,Aneet,Shub
11609,,closed,Re: CSI Provider Name Change [Simply follow up 28/08],,,,45904.5626,45904.56552,45904.56262,,45904.56552,,,45904.5626,,0.07,Not Found,Bas
11610,4157,closed,Gaps/Placeholder reports - Thurs 4th Sep,,schedules,missing_data,45904.58358,45908.56965,45904.58358,45904.58402,45908.56965,,45905.41309,45904.58358,BT (Youview delivery),95.66583333,Aneet,Annet 
11611,2260,closed,GVID-1746 - Fillers on TV Limburg Belgium - 25696,,schedules,missing_data,45904.60427,45904.64855,45904.60427,45904.60543,45904.64855,,45904.64855,45904.60427,Xperi / Tivo Live and Billing Account (XML current),1.062777778,Gabi,Mael
11612,3403,processing,"Piel de oto√±o on TLnovelas Latam Chile 04.09.2025, 15:15",delivery_feed,delivery,question,45904.72576,45904.72984,45904.72576,45904.72965,,,45908.64825,45909.72859,Zapping,-1101713.418,Gui,
11613,4157,closed,Missing Images (and Description is same as Title) - on F1 channel - Paddock Uncut: Monza,data_points_image,editorial,missing_data,45904.78483,45908.63634,45904.78483,45904.79293,45908.63634,,45908.63514,45904.78483,BT (Youview delivery),92.43638889,Aneet,Annet 
11614,3403,closed,"MTV Video Music Awards 2025 on MTV Peru 08.09.2025, 00:00",data_points_id,sport,change_request,45905.07838,45905.5211,45905.07838,45905.1448,45905.52068,,45905.5211,45905.07838,Zapping,10.61527778,Gui,Connie
11615,2515,closed,EPG warnings 05th Aug,,ingest,missing_data,45905.17374,45908.67613,45905.17374,45905.44569,45908.67613,,45908.67615,45905.17374,Go Malta live delivery,84.0575,Mael,Mael
11616,1638,closed,Missing enriched 2:3 covers (2025-09-05),,editorial,missing_data,45905.24856,45905.53316,45905.24858,45905.33275,45905.53316,,45905.53319,45905.24858,Telia / TV 4 Media AB,6.830277778,Theo,Theo
11617,1726,closed,No delivery of Batch EPG files last night,,delivery,question,45905.28385,45905.34368,45905.28385,45905.33611,45905.34368,,45905.34375,45905.28385,Telenor Norway AS,1.435833333,Theo,Theo
11619,4226,closed,Late Schedule Change: Virgin Media VM TWO- Week 37,,schedules,change_request,45905.31262,45905.35293,45905.31262,45905.33171,45905.35293,,45905.35347,45905.31262,Virgin Media Ireland,0.9675,Aneet,Estefy
11620,3546,closed,Sendepause on ARD,,schedules,incorrect_data,45905.32649,45905.35353,45905.32649,45905.33183,45905.35353,,45905.3535,45905.32649,Waipu.TV,0.648888889,Gabi,Tristan
11624,3651,closed,EPG Channel fight sports USA missing,delivery_feed,delivery,missing_data,45905.36469,45905.63337,45905.36469,45905.44045,45905.63337,,45905.63345,45905.36469,Cinfo Spain,6.448333333,Mael,Mael
11625,1143,closed,"Liigan Playoffs on MTV Liiga 7 Finland 05.09.2025, 07:00",technical_data_qualifiers,sport,missing_data,45905.39576,45908.63896,45905.39576,45905.44461,45908.63896,,45908.63899,45905.39576,Elisa Finland,77.83666667,Not Found,Theo
11626,,closed,Stand design news from Quadrant2Design,,,,45905.39594,45905.447,45905.39594,,45905.447,,,45905.39594,,1.225555556,Not Found,Estefy
11627,4195,closed,BBC Three Data - 04/09/2025,,schedules,incorrect_data,45905.39939,45909.75207,45905.39939,45905.43431,45909.75207,,45909.75183,45905.39939,Media Sense,104.4644444,Aneet,Annet 
11628,,closed,Late Schedule Change: Virgin Media VM TWO- Week 38,,schedules,change_request,45905.42024,45905.44147,45905.42024,45905.4365,45905.44147,,45905.43759,45905.42024,,0.509444444,Not Found,Estefy
11629,4157,closed,Schedule Issue Dummy event showing on TNTS 5 Now,,schedules,incorrect_data,45905.43414,45905.64685,45905.43414,45905.43505,45905.64685,,45905.5251,45905.62856,BT (Youview delivery),5.105,Aneet,Annet 
11630,3829,closed,dreamscape,technical_data_parental_ratings,editorial,incorrect_data,45905.45148,45905.45318,45905.45148,,45905.45313,,45905.45348,45905.45148,SF Anytime,0.039444444,Theo,Zarmeen
11632,3667,closed,"European Qualifier for FIFA World Cup on RT√â2 Ireland 06.09.2025, 18:00",editorial_mapping,editorial,missing_data,45905.51856,45905.55431,45905.51856,45905.55424,45905.55431,,45905.5545,45905.51856,Vodafone Ireland,0.857777778,Aneet,Annet 
11633,3667,closed,"Coronation Street on Virgin Media One Ireland 05.09.2025, 19:00",editorial_mapping,editorial,change_request,45905.52176,45905.55539,45905.52176,45905.52303,45905.55539,,45905.60736,45905.52176,Vodafone Ireland,0.807222222,Aneet,Annet 
11634,3667,closed,"Emmerdale on Virgin Media One Ireland 04.09.2025, 18:30",editorial_mapping,editorial,missing_data,45905.52623,45905.55558,45905.52623,45905.53067,45905.55558,,45905.60766,45905.52623,Vodafone Ireland,0.704444444,Aneet,Annet 
11635,3667,closed,"Emmerdale on Virgin Media One Ireland 04.09.2025, 19:00",data_points_image,editorial,missing_data,45905.52698,45905.55588,45905.52698,45905.53186,45905.55588,,45905.60719,45905.52698,Vodafone Ireland,0.693611111,Aneet,Annet 
11636,3829,closed,A few issues in some metadata deliveries,delivery_feed,delivery,missing_data,45905.57998,45905.59351,45905.57998,45905.58052,45905.59351,,45905.59384,45905.57998,SF Anytime,0.324722222,Theo,Theo
11637,,closed,Late Schedule Change: Virgin Media One - Week 37 - W/C 6th Sept,,schedules,change_request,45905.58356,45905.58635,45905.58356,,45905.58553,,45905.58677,45905.58356,,0.047222222,Not Found,Estefy
11638,3403,closed,"Liga 2 Cantolao Vs. San Martin on ATV Peru 07.09.2025, 16:00",,,,45905.59506,45905.60794,45905.59507,45905.59888,45905.60765,,45905.60794,45905.59507,Zapping,0.302222222,Gui,Nelly
11639,3829,closed,series-gossip-girl-s05e04,,editorial,missing_data,45905.6112,45908.35569,45905.6112,45905.61428,45908.35561,,45908.35595,45905.6112,SF Anytime,65.86583333,Theo,Zarmeen
11640,2260,processing,GVID-1747 - Unscheduled Series Masters for programs where the related Episodes are scheduled,delivery_feed,delivery,change_request,45905.61468,45905.61534,45905.61468,45905.61522,,,45909.30176,45909.37162,Xperi / Tivo Live and Billing Account (XML current),-1101734.752,Gabi,
11641,3403,closed,"Tenis - Abierto de Los EE.UU. - 2025 US Open on ESPN 1 Cono Sur 07.09.2025, 18:00",data_points_title,sport,change_request,45905.61884,45905.66366,45905.61884,45905.61949,45905.66366,,45905.66427,45905.61884,Zapping,1.075555556,Gui,Nelly
11642,1694,processing,Fashion TV listings not matching content,delivery_feed,schedules,incorrect_data,45905.63053,45905.63203,45905.63053,45905.63193,,,45905.64539,45905.63053,EIR Ireland,-1101735.133,Aneet,
11643,,closed,Late Schedule Change VMFOUR Week 37,delivery_feed,schedules,change_request,45905.64244,45905.64774,45905.64244,,45905.64764,,45905.64775,45905.64244,,0.124722222,Not Found,Estefy
11644,3403,closed,"Pr√© Jogo Campeonato Brasileiro S√©rie C on Sportynet Brazil 06.09.2025, 22:30",data_points_title,sport,change_request,45905.64395,45905.70105,45905.64395,45905.64497,45905.70105,,45905.70139,45905.64395,Zapping,1.370555556,Gui,Gui
11645,2465,processing,"Vinterns hj√§ltar, lots of wrong things with this series",data_points_title,editorial,incorrect_data,45905.64777,45905.64867,45905.64777,45905.64854,,,45905.67964,45905.64777,Tele2 AB Sweden,-1101735.546,Theo,
11646,1017,closed,AW: Dorcel Amendment,,,,45905.64939,45909.73291,45905.64939,45905.65086,45909.73291,,45909.73576,45905.64939,ORS/simpliTV,98.00444444,Gabi,Christian Winter
11647,,closed,Late Schedule Change VMTWO Week 37,,schedules,change_request,45905.6494,45905.65936,45905.6494,45905.64997,45905.65936,,45905.65942,45905.6494,,0.239166667,Not Found,Estefy
11648,3403,closed,PER√ö - LATINA - Programaci√≥n semanal,delivery_feed,schedules,change_request,45905.6635,45908.70186,45905.6635,45905.67301,45908.70186,,45908.70199,45905.6635,Zapping,72.92083333,Gui,Rohit
11649,1694,processing,eir TV replay tips 05.09.2025,technical_data_catchup,,change_request,45905.66694,45905.67103,45905.66697,45905.67082,,,,45905.66694,EIR Ireland,-1101736.007,Aneet,
11650,2260,closed,GVID-1748 - Missing program title on hr-fernsehen Germany - 25520,,schedules,incorrect_data,45905.68412,45908.6915,45905.68412,45905.68932,45908.6915,,45908.69152,45905.68412,Xperi / Tivo Live and Billing Account (XML current),72.17722222,Gabi,Christian Winter
11651,3403,closed,"Max Saves the World on Paramount Network Peru 05.09.2025, 16:50",,sport,question,45905.74591,45905.81832,45905.74593,45905.77043,45905.81832,,45905.80823,45905.74591,Zapping,1.737777778,Gui,Gui
11652,3403,closed,"Serie A - LigaPro Ecuabet on Ecuavisa Guayaquil R2 Ecuador 06.09.2025, 21:30",,,incorrect_data,45905.76568,45905.81781,45905.77815,45905.80897,45905.81781,,45905.81778,45905.76568,Zapping,1.251111111,Gui,Gui
11653,3403,closed,CHILE - Zapping Music LOF AI modificaciones,data_points_title,ingest,change_request,45905.80422,45905.97414,45905.80422,45905.80821,45905.97414,,45905.9741,45905.80569,Zapping,4.078055556,Gui,Gui
11654,3403,closed,SKY LEAGUE Zapping Sports -actualizaci√≥n imagen,data_points_image,sport,change_request,45905.85789,45908.64152,45905.85791,45905.85921,45908.64152,,45908.48267,45905.85789,Zapping,66.80694444,Gui,Gui
11655,3403,closed,Actualizaci√≥n imagen Liga Nacional de Ecuavoley - Zapping Sports 2,data_points_image,sport,change_request,45905.85935,45906.50885,45905.85935,45905.86034,45906.50885,,45906.50997,45905.85935,Zapping,15.58805556,Gui,Gui
11656,3403,closed,"Skateboarding Championship on NOT TV Chile 08.09.2025, 16:30",data_points_image,editorial,question,45906.04727,45908.54646,45906.04727,45908.32414,45908.54646,,45908.54674,45906.04727,Zapping,59.98055556,Gui,Gui
11657,992,closed,Empty image EPG file,,,,45906.16602,45907.81038,45906.16602,45907.80428,45907.81038,,45907.81144,45906.16602,Altibox,39.46472222,Theo,Theo
11658,3651,closed,Error on the Supertennis channel,,delivery,incorrect_data,45906.53134,45908.49593,45906.53134,45906.57036,45908.49593,,45908.49593,45906.53134,Cinfo Spain,47.15,Mael,Mael
11659,2326,closed,"LIVE Eishockey Champions Hockey League on ORF Sport Plus Austria 06.09.2025, 16:55",data_points_description,sport,incorrect_data,45907.49392,45908.4549,45907.49392,45908.33517,45908.4549,,45908.45495,45907.49392,Ocilion,23.06333333,Gabi,Christian Winter
11660,2326,reopened,"RAW on ProSieben Maxx Austria 10.09.2025, 20:15",data_points_id,sport,change_request,45907.49925,45909.61066,45907.49925,45908.33625,45909.60951,45909.61066,45909.60963,45909.61066,Ocilion,50.64638889,Gabi,
11661,,closed,Re: Dorcel Amendment,,,,45907.73966,45908.33609,45907.73968,,45908.33609,,,45907.73966,,14.31416667,Not Found,Tristan
11662,,closed,Exclusive Preschool IP ‚Äì Teddy & Timmy Edutainment (3.1B Views | 5.8M Subs),,,,45907.79179,45908.37521,45907.79179,,45908.37521,45908.3752,,45907.79179,,14.00194444,Not Found,Tristan
11663,3403,processing,"URG - MTV Joystickeros on MTV Peru 08.09.2025, 00:40",,schedules,incorrect_data,45907.86959,45908.33328,45907.86959,45908.33325,,,45908.65978,45907.86959,Zapping,-1101788.87,Gui,
11664,4172,closed,[**Freeview**] EPG schedule gap,,delivery,missing_data,45908.00706,45908.31779,45908.02031,,45908.31779,,45908.31771,45908.00706,Freeview / Freely UK,7.4575,Aneet,Annet 
11665,2326,closed,"NASCAR Cup Series on Sportdigital1+  Germany 07.09.2025, 18:30",editorial_splitting,sport,incorrect_data,45908.25648,45908.50378,45908.26419,45908.34861,45908.5037,,45908.50388,45908.25648,Ocilion,5.933333333,Gabi,Christian Winter
11666,1638,closed,No finish titles on program,data_points_title,editorial,missing_data,45908.26157,45908.50619,45908.2642,45908.3227,45908.50619,,45908.50889,45908.26157,Telia / TV 4 Media AB,5.870833333,Theo,Arslan
11667,1638,closed,No genres on series 14843105,data_points_genre,editorial,missing_data,45908.26843,45908.37679,45908.26843,45908.32235,45908.37679,,45908.37823,45908.26843,Telia / TV 4 Media AB,2.600833333,Theo,Arslan
11668,1638,closed,No genres on series 14843105 ,data_points_genre,editorial,missing_data,45908.2706,45908.38286,45908.2706,45908.32201,45908.38286,,45908.3853,45908.2706,Telia / TV 4 Media AB,2.694166667,Theo,Arslan
11669,1638,closed,No genres on series 14897541 ,data_points_genre,editorial,missing_data,45908.27294,45908.38955,45908.27294,45908.3216,45908.38955,,45908.39035,45908.27294,Telia / TV 4 Media AB,2.798611111,Theo,Arslan
11670,1638,closed,No genres on program 14786718,data_points_genre,editorial,missing_data,45908.27537,45908.40779,45908.27537,45908.40036,45908.40779,,45908.40847,45908.27537,Telia / TV 4 Media AB,3.178055556,Theo,Arslan
11671,2465,processing,Paradise Hotel Sverige,,editorial,incorrect_data,45908.2845,45908.33065,45908.2845,45908.33063,,,45909.51762,45908.2845,Tele2 AB Sweden,-1101798.828,Theo,
11672,4157,closed,Logos for Hosting,data_points_image,editorial,question,45908.28481,45909.29986,45908.28481,45908.29784,45909.29986,,45909.29984,45908.28481,BT (Youview delivery),24.36111111,Aneet,Annet 
11673,1638,closed,No genres for program 14936134 ,data_points_genre,editorial,missing_data,45908.28516,45908.41153,45908.28516,45908.32094,45908.41153,,45908.413,45908.28516,Telia / TV 4 Media AB,3.032777778,Theo,Arslan
11674,1638,closed,No genres for program 14936123 ,data_points_genre,editorial,missing_data,45908.2865,45908.41451,45908.2865,45908.32058,45908.41451,,45908.41656,45908.2865,Telia / TV 4 Media AB,3.072222222,Theo,Arslan
11675,1638,closed,No genres for program 14786718 ,data_points_genre,editorial,missing_data,45908.29017,45908.43134,45908.29019,45908.32022,45908.43134,,45908.43139,45908.29017,Telia / TV 4 Media AB,3.388055556,Theo,Arslan
11676,1638,closed,No genres for program 14936665 ,data_points_genre,editorial,missing_data,45908.29272,45908.46509,45908.29273,45908.31985,45908.46509,,45908.46602,45908.29272,Telia / TV 4 Media AB,4.136944445,Theo,Arslan
11677,1638,closed,No genres for program 14879397 ,data_points_genre,editorial,missing_data,45908.29509,45908.46697,45908.29509,45908.31943,45908.46697,,45908.46793,45908.29509,Telia / TV 4 Media AB,4.125,Theo,Arslan
11678,1638,closed,No images for program 14897541 ,data_points_image,editorial,missing_data,45908.30494,45908.44726,45908.30494,45908.31911,45908.44726,,45908.44795,45908.30494,Telia / TV 4 Media AB,3.415555556,Theo,Arslan
11679,3787,closed,"Susi.live on 5+ Switzerland 09.09.2025, 01:30",data_points_image,editorial,question,45908.30639,45909.83096,45908.30639,45908.33124,45909.83096,45908.8405,45909.83097,45908.8405,Sunrise - Wilmaa (ITV Betriebsgesellschaft GmbH),36.58972222,Helena,Helena
11680,1638,closed,No images for program 14786718 ,data_points_image,editorial,missing_data,45908.31159,45908.43154,45908.31159,45908.31815,45908.43154,,45908.4325,45908.31159,Telia / TV 4 Media AB,2.878888889,Theo,Theo
11681,,closed,RE: Dorcel Amendment,,,,45908.31953,45908.32373,45908.31954,,45908.32373,,,45908.31954,,0.100833333,Not Found,Tristan
11682,,closed,Re: Dorcel Amendment,,,,45908.32648,45908.32902,45908.32648,,45908.32902,,,45908.32648,,0.060833333,Not Found,Tristan
11683,,closed,Re: Dorcel Amendment,,,,45908.32649,45908.32933,45908.3265,,45908.32933,,,45908.32649,,0.068055556,Not Found,Tristan
11684,1638,closed,No images for program 14936123 ,,,,45908.32868,45908.36995,45908.32868,,45908.36995,,45908.37201,45908.32868,Telia / TV 4 Media AB,0.990555556,Theo,Theo
11685,4157,closed,"Wrong EPG schedule, and gap ‚Äì Friends, Comedy Central, Sat 6th Sep, Friends episodes (3 hrs and 5.5 hrs) ‚Äì and all-day GAP",,,,45908.33348,45908.59014,45908.33348,45908.33995,45908.59014,,45908.56699,45908.33348,BT (Youview delivery),6.159722222,Aneet,Annet 
11687,128,closed,Tonight's European Qualifiers,data_points_image_episode,sport,missing_data,45908.34425,45908.44785,45908.34425,45908.35308,45908.44785,,45908.44787,45908.34425,Telenor Sweden AB,2.486388889,Theo,Razvan
11688,2806,closed,"Reporter on Kanal 2 Estonia  08.09.2025, 16:00",,ingest,incorrect_data,45908.35097,45908.66828,45908.35097,45908.41997,45908.66828,,45908.6683,45908.3524,Elisa Estonia,7.615277778,Theo,Theo
11689,3829,closed,whip-it,data_points_description,editorial,incorrect_data,45908.35773,45908.35919,45908.35773,,45908.35911,,45908.35946,45908.35773,SF Anytime,0.033055556,Theo,Zarmeen
11690,3829,closed,the-ritual,data_points_description,editorial,incorrect_data,45908.36119,45908.36417,45908.36119,,45908.364,,45908.36425,45908.36119,SF Anytime,0.0675,Theo,Zarmeen
11691,2806,closed,"Reporter+ on Kanal 2 Estonia  08.09.2025, 03:00",data_points_description,editorial,incorrect_data,45908.36204,45908.66743,45908.36204,45908.43175,45908.66743,,45908.66743,45908.36204,Elisa Estonia,7.329444445,Theo,Arslan
11692,4195,closed,BBC Three Blank Title,,delivery,incorrect_data,45908.36468,45908.58587,45908.36468,45908.36503,45908.58587,,45908.37524,45908.36468,Media Sense,5.308611111,Aneet,Annet 
11693,1017,closed,Billy Elliot - I Will Dance (Sixx HD),data_points_image,editorial,change_request,45908.3698,45908.552,45908.3698,45908.43367,45908.552,,45908.55204,45908.3698,ORS/simpliTV,4.372777778,Gabi,Juani
11694,3829,closed,until-dawn,technical_data_parental_ratings,editorial,change_request,45908.37517,45909.37508,45908.37517,,45909.37508,45909.34384,45909.37583,45909.34384,SF Anytime,23.99777778,Theo,Zarmeen
11695,4157,processing,Missing program in EPG,,schedules,incorrect_data,45908.38552,45908.40153,45908.38552,45908.40147,,,45909.39895,45909.35773,BT (Youview delivery),-1101801.253,Aneet,
11696,3829,closed,holy-cow,data_points_description,editorial,incorrect_data,45908.38897,45908.39223,45908.38897,,45908.39218,,45908.39234,45908.38897,SF Anytime,0.076944444,Theo,Zarmeen
11697,3787,closed,"punkt6 on Telebasel Switzerland 08.09.2025, 06:00",data_points_image,editorial,missing_data,45908.39064,45908.74773,45908.39064,45908.43743,45908.74773,,45908.74777,45908.39064,Sunrise - Wilmaa (ITV Betriebsgesellschaft GmbH),8.570277778,Helena,Mael
11698,3829,closed,death-of-a-unicorn,data_points_description,editorial,incorrect_data,45908.39245,45908.39407,45908.39247,,45908.39403,,45908.39411,45908.39245,SF Anytime,0.037777778,Theo,Zarmeen
11699,3829,closed,the-teacher-who-promised-the-sea,data_points_description,editorial,incorrect_data,45908.39591,45908.40358,45908.39591,,45908.40352,,45908.40365,45908.39591,SF Anytime,0.1825,Theo,Zarmeen
11700,3829,closed,final-destination-bloodlines,technical_data_parental_ratings,editorial,change_request,45908.39942,45908.41749,45908.39942,,45908.41744,,45908.41772,45908.39942,SF Anytime,0.4325,Theo,Zarmeen
11701,3851,closed,"Especial elecciones on C5N Argentina 07.09.2025, 10:00",data_points_image,editorial,incorrect_data,45908.47659,45908.56752,45908.47659,45908.47803,45908.56752,,45908.56749,45908.47659,Wiltel Argentina,2.1825,Gui,Gui
11704,4168,processing,RE: CSI Provider Name Change [Simply follow up 28/08],delivery_push_delivery,delivery,change_request,45908.48969,45908.53493,45908.48969,45908.50172,,,45909.29153,45908.60772,Freesat,-1101803.753,Not Found,
11705,3851,closed,"CNN Internacional on CNN Internacional Chile 08.09.2025, 04:00",,schedules,missing_data,45908.49116,45908.56883,45908.49116,45908.49691,45908.56883,,45908.56877,45908.49116,Wiltel Argentina,1.864166667,Gui,Gui
11706,1638,closed,EPG gap ATG LIVE (8255),,schedules,missing_data,45908.49258,45908.62631,45908.49259,45908.49625,45908.62631,,45908.62634,45908.49258,Telia / TV 4 Media AB,3.209444445,Theo,Theo
11707,1638,closed,EPG gaps between ATG LIVE (8255),,schedules,missing_data,45908.49472,45908.61596,45908.49472,45908.49795,45908.61596,,45908.61605,45908.49472,Telia / TV 4 Media AB,2.909722222,Theo,Theo
11708,1307,closed,"Gudstj√§nst on SVT2 Sweden 07.09.2025, 08:00",data_points_description,editorial,incorrect_data,45908.49656,45908.52755,45908.49656,45908.49964,45908.52755,,45908.5288,45908.49656,TV.NU,0.743611111,Theo,Arslan
11709,2515,closed,Schedule QC Failed.,,schedules,missing_data,45908.4966,45908.69494,45908.4966,45908.67508,45908.69494,,45908.69495,45908.4966,Go Malta live delivery,4.760277778,Mael,Mael
11710,2260,closed,GVID-1749 - Filler on TV Limburg Belgium - 25696,,schedules,missing_data,45908.49661,45908.68759,45908.49661,45908.50083,45908.68759,,45908.68762,45908.49661,Xperi / Tivo Live and Billing Account (XML current),4.583611111,Gabi,Mael
11711,2260,closed,GVID-1750 - Missing days out on TV Lux Belgium - 28971,,schedules,missing_data,45908.50013,45909.46551,45908.50108,45908.52307,45909.46551,,,45908.50013,Xperi / Tivo Live and Billing Account (XML current),23.16916667,Gabi,Mael
11712,2260,processing,GVID-1751 - Missing days out on Qu4tre Li√®ge M√©dia Belgium - 30100,,,,45908.50359,45908.54031,45908.51488,45908.54031,,,45909.63631,45908.50359,Xperi / Tivo Live and Billing Account (XML current),-1101804.086,Gabi,
11713,3851,closed,FX,delivery_feed,delivery,missing_data,45908.50862,45908.63594,,45908.51181,45908.63594,,45908.63589,45908.50862,Wiltel Argentina,3.055555556,Gui,Gui
11714,3851,closed,"Ids Htv Rebrand 2017 on HTV Latam 08.09.2025, 09:00",data_points_image,editorial,incorrect_data,45908.51551,45908.66906,45908.51551,45908.5237,45908.66906,,45908.66928,45908.51551,Wiltel Argentina,3.685277778,Gui,Gui
11715,992,closed,Incorrect EPG on CNN 04.09 - today,delivery_feed,delivery,incorrect_data,45908.51711,45909.7049,45908.51711,45908.52416,45909.7049,,45909.7052,45908.51711,Altibox,28.50694444,Theo,Theo
11716,3851,closed,"NBA on NBA TV Argentina 08.09.2025, 10:00",data_points_image,editorial,incorrect_data,45908.51985,45908.53988,45908.51985,45908.52497,45908.53988,,45908.53993,45908.51985,Wiltel Argentina,0.480833333,Gui,Nelly
11717,3851,closed,"Quiero cl√°sicos on Quiero Musica Argentina 08.09.2025, 08:00",data_points_image,editorial,incorrect_data,45908.52238,45908.66828,45908.52238,45908.52772,45908.66828,,45908.6687,45908.52238,Wiltel Argentina,3.501388889,Gui,Connie
11718,3851,processing,"RADIO CELL 105.9Mhz on Radio Cell Argentina 08.09.2025, 09:00",delivery_feed,delivery,missing_data,45908.52369,45908.52851,45908.52369,45908.52836,,,45908.65939,45908.52369,Wiltel Argentina,-1101804.569,Gui,
11719,3851,closed,"Ma√±ana De Sol on Sol Play Argentina 08.09.2025, 08:00",data_points_image,editorial,incorrect_data,45908.52455,45908.58296,45908.52455,45908.52924,45908.58296,,45908.58259,45908.52455,Wiltel Argentina,1.401944445,Gui,Gui
11720,3851,closed,"Aqui la tierra santander + aqui la tier on TVE International Americas 08.09.2025, 13:45",data_points_image,editorial,incorrect_data,45908.52733,45908.55554,45908.52733,45908.53013,45908.55554,,45908.55596,45908.52733,Wiltel Argentina,0.677222222,Gui,Connie
11721,3851,closed,"Ecuador vs. Argentina on Telefe Argentina 09.09.2025, 22:30",data_points_image,editorial,incorrect_data,45908.5286,45908.53729,45908.5286,45908.53178,45908.53729,,45908.53831,45908.5286,Wiltel Argentina,0.208611111,Gui,Nelly
11722,4157,closed,RE: Logos for Hosting,,,,45908.56613,45908.66567,45908.56613,45908.56858,45908.66567,45908.65981,45908.56858,45908.65981,BT (Youview delivery),2.388888889,Aneet,Annet 
11723,4168,closed,Freesat EPG gap- HobbyMaker.,,schedules,missing_data,45908.56625,45909.30372,45908.56625,45908.5695,45909.30372,,45909.30367,45908.56625,Freesat,17.69916667,Not Found,Annet 
11724,3403,closed,CHILE - 15.1 - Sin programaci√≥n,delivery_feed,schedules,missing_data,45908.57466,45908.66922,45908.57466,45908.57575,45908.66922,,45908.66918,45908.57466,Zapping,2.269444444,Gui,Gui
11725,3403,closed,"Meganoticias Ahora Noche on Meganoticias Chile 08.09.2025, 09:45",data_points_id,editorial,change_request,45908.57554,45908.64084,45908.57556,45908.61117,45908.64084,,45908.64081,45908.57554,Zapping,1.567222222,Gui,Gui
11726,3403,closed,BRASIL - BM&C - Sin programaci√≥n,delivery_feed,schedules,change_request,45908.57616,45908.75744,45908.57616,45908.61324,45908.75744,,45908.7574,45908.57616,Zapping,4.350833333,Gui,Gui
11727,1694,processing,Change of EPG metadata for non-ROI (Irish) channels to a barker/ notification for TVA feed,,,change_request,45908.57795,45909.64906,45908.57795,45908.58331,,,45908.63922,45908.57795,EIR Ireland,-1101805.871,Aneet,
11728,3403,closed,"Previa on AmericaTV Peru 09.09.2025, 23:10",,,,45908.59109,45908.60854,45908.59109,,45908.60854,,45908.60878,45908.59109,Zapping,0.418888889,Gui,Nelly
11729,1726,closed,Missing deeplink info for TV2 Livsstil,,ingest,incorrect_data,45908.59346,45908.64715,45908.59346,45908.62051,45908.64715,,45908.64719,45908.59346,Telenor Norway AS,1.288611111,Theo,Theo
11730,3403,closed,"Serie B Ecuador on ECDF 2 Ecuador 09.09.2025, 20:30",data_points_id,editorial,change_request,45908.60737,45908.62175,45908.60737,45908.61833,45908.62175,,45908.62204,45908.60737,Zapping,0.345,Gui,Nelly
11731,3403,closed,"Supercopa Argentina on ESPN 3 Brazil 08.09.2025, 16:30",data_points_sport,sport,change_request,45908.60873,45908.65597,45908.60873,,45908.65587,,45908.65672,45908.60873,Zapping,1.131388889,Gui,Razvan
11732,3403,closed,"Partido Eliminatorias Sudamericanas on Latina Peru 09.09.2025, 23:30",data_points_id,editorial,change_request,45908.61727,45908.63184,45908.61727,45908.62351,45908.63184,,45908.63207,45908.61727,Zapping,0.349722222,Gui,Nelly
11733,3403,closed,"Ecuador TV, RTS, Teleamazonas Quito & Guayaquil - SIN EPG",delivery_feed,delivery,missing_data,45908.62427,45908.66763,45908.62427,45908.63295,45908.66763,,45908.66758,45908.62427,Zapping,1.040555556,Gui,Gui
11734,4231,closed,Access Issue ‚Äì Vodafone TV Team Member,delivery_configuration,other,question,45908.62444,45909.29843,45908.62444,45908.63611,45909.29843,,45908.71329,45908.65225,Vodafone ,16.17555556,Not Found,Annet 
11735,3403,closed,ECUADOR - RTS - Sin programaci√≥n lunes 8 setiembre,delivery_feed,delivery,missing_data,45908.62486,45908.65737,45908.62486,45908.63358,45908.65737,,45908.65733,45908.62486,Zapping,0.780277778,Gui,Gui
11736,3403,closed,"Eliminat√≥rias Europeias Da Copa Do Mundo 2026 on Sportv 2 - Globo Brazil 09.09.2025, 15:45",,,,45908.63064,45908.64259,45908.63064,45908.63716,45908.64229,,45908.64259,45908.63064,Zapping,0.279722222,Gui,Nelly
11737,3403,closed,ECUADOR - Teleamazonas Quito y Guayaquil sin programaci√≥n lunes 8 setiembre,delivery_feed,delivery,missing_data,45908.63444,45908.66699,45908.63444,45908.6384,45908.66699,,45908.66694,45908.63444,Zapping,0.781111111,Gui,Gui
11738,3403,closed,CHILE - TVN3 Sin programaci√≥n,delivery_feed,delivery,missing_data,45908.65569,45908.82051,45908.65569,45908.66166,45908.82051,,45908.82047,45908.65569,Zapping,3.955555556,Gui,Gui
11739,2260,processing,GVID-1752 - Missing days out on NoT√©l√© Belgium - 25924,delivery_feed,delivery,missing_data,45908.67374,45908.67793,45908.67374,45908.67784,,,45909.8231,45908.67374,Xperi / Tivo Live and Billing Account (XML current),-1101808.17,Gabi,
11740,,closed,*Late Schedule Change: Virgin Media Two in Week 38,,schedules,change_request,45908.68758,45908.69757,45908.68759,,45908.69753,,45908.69758,45908.68758,,0.238888889,Not Found,Estefy
11741,3403,closed,"BRASIL, CHILE Y PER√ö - Baja Zapping Music's ",delivery_service_removal,delivery,change_request,45908.91612,45909.50324,45908.91612,45909.07706,45909.50324,,45909.50318,45908.91612,Zapping,14.09083333,Gui,Gui
11742,3403,processing,PER√ö - Nuevo canal - Juntos TV,delivery_feed,ingest,change_request,45908.91981,45909.07853,45908.91983,45909.07824,,,45909.7127,45908.94248,Zapping,-1101814.076,Gui,
11743,2515,closed,Schedule QC Failed,,schedules,missing_data,45909.19453,45909.30522,45909.19453,45909.30406,45909.30522,,45909.30517,45909.19453,Go Malta live delivery,2.656666667,Mael,Mael
11744,2806,closed,"All Your Faces on FilmZone+ Estonia 07.09.2025, 15:05",data_points_title,editorial,incorrect_data,45909.26578,45909.61376,45909.26578,45909.29715,45909.61376,,45909.61373,45909.26578,Elisa Estonia,8.351666667,Theo,Marina
11745,2806,closed,"Chess Story on FilmZone+ Estonia 07.09.2025, 18:45",data_points_title,editorial,incorrect_data,45909.26794,45909.6134,45909.26794,45909.29786,45909.6134,,45909.61336,45909.26794,Elisa Estonia,8.291111111,Theo,Marina
11746,3667,processing,"UEFA European Qualifiers 2025/26 on Virgin Media Two Ireland 08.09.2025, 18:35",editorial_mapping,editorial,incorrect_data,45909.36368,45909.44102,45909.36368,45909.40028,,,45909.59365,45909.36368,Vodafone Ireland,-1101824.728,Aneet,
11747,3667,closed,"Global Eye on BBC Two Northern Ireland  08.09.2025, 18:00",editorial_mapping,editorial,missing_data,45909.36493,45909.588,45909.36493,45909.37795,45909.588,,45909.58794,45909.36493,Vodafone Ireland,5.353611111,Aneet,Annet 
11748,87,closed,DNA TV / Athletics World Championships Day 1 Program Information is in Swedish on the EPG,data_points_description,editorial,incorrect_data,45909.38852,45909.48265,45909.38852,45909.43675,45909.48265,,45909.48267,45909.38852,DNA Oy,2.259166667,Theo,Arslan
11749,4157,processing,Scheduling error - Event on wrong channel in EPG,,sport,incorrect_data,45909.39245,45909.40307,45909.39245,45909.40258,,,45909.40534,45909.39245,BT (Youview delivery),-1101825.419,Aneet,
11750,2260,closed,RE: GVID-1750 - Missing days out on TV Lux Belgium - 28971,,schedules,missing_data,45909.44454,45909.46543,45909.44454,45909.44883,45909.46543,,45909.46544,45909.44454,Xperi / Tivo Live and Billing Account (XML current),0.501388889,Gabi,Mael
11751,4226,closed,Re: I Fought The Law-Mon 8th Sept,,delivery,incorrect_data,45909.44801,45909.75345,45909.44801,45909.47573,45909.75345,,45909.62413,45909.44801,Virgin Media Ireland,7.330555556,Aneet,Annet 
11752,1143,processing,"Yleisurheilun MM on YLE TV2 Finland 12.09.2025, 22:55",technical_data_qualifiers,editorial,change_request,45909.46051,45909.46447,45909.46051,45909.4644,,,45909.48749,45909.46051,Elisa Finland,-1101827.052,Not Found,
11753,2260,closed,GVID-1753 - Missing days out on MNM Radio Belgium - 40583,,,,45909.46189,45909.8241,45909.46189,,45909.8241,,45909.82411,45909.46189,Xperi / Tivo Live and Billing Account (XML current),8.693055555,Gabi,Mael
11754,992,closed,api.inflowmedia.tv - Empty image EPG file,delivery_feed,delivery,missing_data,45909.46484,45909.6863,45909.46484,45909.46603,45909.6863,,45909.68631,45909.46484,Altibox,5.315,Theo,Theo
11755,2260,closed,GVID-1754 - Missing days out on NoT√©l√© Belgium - 25924,,,,45909.47231,45909.82483,45909.47231,,45909.82483,,45909.82484,45909.47231,Xperi / Tivo Live and Billing Account (XML current),8.460277778,Gabi,Mael
11756,3829,closed,elizabeth-the-golden-age,data_points_description,editorial,incorrect_data,45909.51764,45909.51985,45909.51765,,45909.51979,,45909.52005,45909.51764,SF Anytime,0.051666667,Theo,Zarmeen
11757,3851,closed,"+Noticias on Nextv Argentina 09.09.2025, 09:30",delivery_feed,editorial,change_request,45909.53043,45909.7434,45909.53043,45909.53094,45909.7434,,45909.74336,45909.53043,Wiltel Argentina,5.111388889,Gui,Gui
11758,3851,closed,"Punto de partida on Nextv Argentina 09.09.2025, 10:00",data_points_image,editorial,change_request,45909.53086,45909.75615,45909.53086,45909.53494,45909.75615,,45909.75624,45909.53086,Wiltel Argentina,5.406944444,Gui,Gui
11759,,closed,Late Schedule Change VMFOUR Week 37,delivery_feed,schedules,change_request,45909.53134,45909.58356,45909.53134,,45909.58356,,45909.58402,45909.53134,,1.253333333,Not Found,Estefy
11760,3546,processing,RTL: Gute Zeiten Schlechte Zeiten start 3 min earlier,,schedules,incorrect_data,45909.54238,45909.54438,45909.54238,45909.54432,,,,45909.54238,Waipu.TV,-1101829.017,Gabi,
11761,3829,closed,jurassic-reborn - Swedish short summary,data_points_description,editorial,missing_data,45909.57994,45909.58828,45909.57994,45909.58193,45909.58828,,45909.58851,45909.57994,SF Anytime,0.2,Theo,Zarmeen
11762,3667,processing,"The Simpsons on RT√â2 Ireland 08.09.2025, 15:30",delivery_feed,ingest,missing_data,45909.61139,45909.61588,45909.61139,45909.61426,,,45909.63463,45909.61139,Vodafone Ireland,-1101830.673,Aneet,
11763,3667,processing,"The Goldbergs on RT√â2 Ireland 08.09.2025, 16:00",,ingest,missing_data,45909.62131,45909.62912,45909.62131,45909.62872,,,45909.70708,45909.62131,Vodafone Ireland,-1101830.911,Aneet,
11764,3667,processing,"Ridley on Virgin Media One Ireland 05.09.2025, 20:00",data_points_title,editorial,incorrect_data,45909.62852,45909.63182,45909.62852,45909.63167,,,45909.64108,45909.62852,Vodafone Ireland,-1101831.084,Aneet,
11765,4173,processing,Missing seasons and episodes numbered 11+ on Netflix,,delivery,missing_data,45909.6314,45909.6333,45909.6314,45909.63323,,,45909.63516,45909.6314,TRP,-1101831.154,Not Found,
11766,4217,closed,Re: Q&A checks & Data Irregularities,,schedules,missing_data,45909.63551,45909.63977,45909.63551,45909.6372,45909.63977,,45909.63983,45909.63551,Omnichannel,0.102222222,Not Found,Estefy
11767,4217,processing,Fwd: Q&A checks & Data Irregularities,,schedules,incorrect_data,45909.63899,45909.77892,45909.63899,45909.77892,45909.77891,,45909.8262,45909.63899,Omnichannel,3.358055556,Not Found,
11768,3667,processing,"Racing From The Curragh on RT√â2 Ireland 14.09.2025, 13:30",,sport,incorrect_data,45909.64216,45909.64698,45909.64216,45909.64698,,,45909.68977,45909.64216,Vodafone Ireland,-1101831.412,Aneet,
11769,,closed,**LATE CHANGES  VM FOUR WEEK 38**,,schedules,change_request,45909.68412,45909.7031,45909.68413,45909.68609,45909.7031,,45909.70311,45909.68412,,0.455555556,Not Found,Estefy
11770,3403,closed,"Futebol on Globo Minas Gerais - Globo 09.09.2025, 23:20",data_points_id,editorial,change_request,45909.68821,45909.70013,45909.68821,45909.6902,45909.70013,,45909.70017,45909.68821,Zapping,0.286111111,Gui,Estefy
11771,3403,closed,"Futebol on Globo Rio - Globo 09.09.2025, 23:20",data_points_id,editorial,change_request,45909.68826,45909.7,45909.68826,45909.69094,45909.7,,45909.70002,45909.68826,Zapping,0.281666667,Gui,Estefy
11772,3851,closed,"Ma√±ana De Sol on Sol Play Argentina 09.09.2025, 08:00",data_points_image,editorial,change_request,45909.69142,45909.74615,45909.69142,45909.69289,45909.74615,,45909.7461,45909.69142,Wiltel Argentina,1.313333333,Gui,Gui
11773,3403,closed,"Previa on Teleamazonas Guayaquil 09.09.2025, 23:15",data_points_title,editorial,change_request,45909.69674,45909.76685,45909.69674,45909.70185,45909.76685,,45909.76685,45909.69674,Zapping,1.682777778,Gui,Estefy
11774,3403,closed,BRASIL - SportyNet - Sin programaci√≥n,delivery_feed,delivery,missing_data,45909.69699,45909.83634,45909.69699,45909.70087,45909.83634,,45909.83631,45909.69699,Zapping,3.344444444,Gui,Gui
11775,3403,processing,"Serie A - Liga Ecuabet on Zapping Sports Plus Ecuador 10.09.2025, 22:00",delivery_feed,schedules,question,45909.70457,45909.70559,45909.70457,45909.70545,,,,45909.70457,Zapping,-1101832.91,Gui,
11776,3851,processing,"Sangre, sudor y gloria on Cinecanal Peru 09.09.2025, 07:25",delivery_feed,delivery,incorrect_data,45909.71221,45909.7138,45909.71221,45909.71365,,,,45909.71221,Wiltel Argentina,-1101833.093,Gui,
11777,3851,processing,Como Dios on FX 09.09.2025,data_points_title,editorial,incorrect_data,45909.72627,45909.72767,45909.72627,45909.72745,,,45909.82404,45909.72627,Wiltel Argentina,-1101833.431,Gui,
11778,3851,acknowledged,UNIVERSAL TV,,,,45909.73664,45909.73664,45909.73664,,,,,45909.73664,Wiltel Argentina,-1101833.679,Gui,
11779,3403,processing,"Becker on Comedy Central Peru 09.09.2025, 17:10",delivery_feed,delivery,incorrect_data,45909.73985,45909.74194,45909.73985,45909.74144,,,,45909.73985,Zapping,-1101833.756,Gui,
11780,3851,processing,"Soy Leyenda on Space Panamericana 09.09.2025, 19:04",delivery_feed,delivery,incorrect_data,45909.74355,45909.74439,45909.74355,45909.74414,,,45909.82439,45909.74355,Wiltel Argentina,-1101833.845,Gui,
11781,3851,processing,"F√∫tbol de Argentina - LPF Torneo Clausura 2025 on ESPN Premium Argentina 10.09.2025, 00:45",data_points_title,editorial,change_request,45909.74948,45909.75968,45909.74948,45909.7595,,,45909.83729,45909.74948,Wiltel Argentina,-1101833.988,Gui,
11782,3851,processing,"A Lot Like Love on HBO POP Caribbean 09.09.2025, 18:44",data_points_title,editorial,incorrect_data,45909.76206,45909.77005,45909.76531,45909.76993,,,,45909.76206,Wiltel Argentina,-1101834.289,Gui,
11783,4157,processing,"Wrong EPG schedule ‚Äì TNTS 4 ‚Äì EPG schedule should be Live cricket (Asia Cup) (not Motocross, etc)",delivery_feed,schedules,missing_data,45909.76745,45909.76897,45909.76745,45909.7688,,,45909.79808,45909.76745,BT (Youview delivery),-1101834.419,Aneet,
11784,1764,processing,Innspire - SimplyTV IDs check-up,delivery_service_addition,delivery,change_request,45909.77439,45909.77522,45909.77439,45909.77495,,,45909.77755,45909.77786,Innspire,-1101834.585,Sergiu,
11785,4157,processing,Gaps/Placeholder reports - Tue 9th Sep,,schedules,missing_data,45909.78826,45909.80583,45909.78828,45909.80014,,,45909.80252,45909.78826,BT (Youview delivery),-1101834.918,Aneet,